{
  "results": [
    {
      "command": "JBang (jabkit@jabref)",
      "mean": 11.987394267546668,
      "stddev": 2.1662898374211306,
      "median": 11.27991473378,
      "user": 23.67587736666666,
      "system": 6.574029706666666,
      "min": 8.52375766828,
      "max": 16.71888817628,
      "times": [
        11.21412728328,
        10.143728485279999,
        10.91735830228,
        11.82197608528,
        11.77455908528,
        10.90624402328,
        9.432590532279999,
        9.30824070928,
        11.744269619279999,
        10.94567173728,
        14.58356314528,
        16.71888817628,
        15.46525148728,
        15.54572457428,
        15.62551755628,
        15.93257216028,
        12.79584027528,
        10.059451768279999,
        12.41246013628,
        11.21833882528,
        13.30756392628,
        10.509220723279999,
        10.58360191828,
        11.34149064228,
        12.92013858628,
        10.384313019279999,
        11.079987423279999,
        9.933010639279999,
        8.52375766828,
        12.47236951228
      ],
      "memory_usage_byte": [
        655880192,
        655880192,
        655880192,
        655880192,
        655880192,
        655880192,
        655880192,
        655880192,
        655880192,
        655880192,
        655880192,
        655880192,
        655880192,
        655880192,
        655880192,
        655880192,
        655880192,
        655880192,
        655880192,
        655880192,
        655880192,
        655880192,
        655880192,
        655880192,
        655880192,
        655880192,
        655880192,
        655880192,
        655880192,
        655880192
      ],
      "exit_codes": [
        0,
        0,
        0,
        0,
        0,
        0,
        0,
        0,
        0,
        0,
        0,
        0,
        0,
        0,
        0,
        0,
        0,
        0,
        0,
        0,
        0,
        0,
        0,
        0,
        0,
        0,
        0,
        0,
        0,
        0
      ]
    },
    {
      "command": "native image (release)",
      "mean": 5.017302299446667,
      "stddev": 1.4367943529528273,
      "median": 4.6098299137800005,
      "user": 4.384301300000001,
      "system": 0.5612634399999998,
      "min": 3.85709253428,
      "max": 11.727034528279999,
      "times": [
        4.300004798280001,
        11.727034528279999,
        5.36261126728,
        5.54412559928,
        5.59377712428,
        5.30738923228,
        6.1781086942800005,
        4.42047037728,
        5.90945643328,
        4.80714551228,
        4.816320296280001,
        6.2430243482800005,
        5.39986377928,
        5.171191391280001,
        4.93688279828,
        4.2633865042800005,
        4.58012685028,
        4.447144063280001,
        5.34039423828,
        4.63953297728,
        4.49013951628,
        4.27440352328,
        3.85709253428,
        4.284722196280001,
        4.13331556428,
        4.4156003442800005,
        3.8911967012799997,
        3.90688961928,
        4.247089502280001,
        4.03062866828
      ],
      "memory_usage_byte": [
        655880192,
        655880192,
        655880192,
        655880192,
        655880192,
        655880192,
        655880192,
        655880192,
        655880192,
        655880192,
        655880192,
        655880192,
        655880192,
        655880192,
        655880192,
        655880192,
        655880192,
        655880192,
        655880192,
        655880192,
        655880192,
        655880192,
        655880192,
        655880192,
        655880192,
        655880192,
        655880192,
        655880192,
        655880192,
        655880192
      ],
      "exit_codes": [
        0,
        0,
        0,
        0,
        0,
        0,
        0,
        0,
        0,
        0,
        0,
        0,
        0,
        0,
        0,
        0,
        0,
        0,
        0,
        0,
        0,
        0,
        0,
        0,
        0,
        0,
        0,
        0,
        0,
        0
      ]
    }
  ]
}
